doi,parent_name,raw_affiliation_string,fak_name,dept_name,validation,comment
10.1016/j.jenvman.2023.117539,Hochschule für Bildende Künste Braunschweig,"Braunschweig University of Art, Institute for Design Research, Johannes-Selenka-Platz 1, 38118 Braunschweig, Germany",,,TRUE,
10.22059/jdt.2020.76039,Hochschule für Bildende Künste Braunschweig,"Professor, Institute for Design Research, Braunschweig University of Art, Braunschweig, Germany",,,TRUE,
10.1515/zkg-2024-4007,Hochschule für Bildende Künste Braunschweig,"Braunschweig University of Art (HBK) , Braunschweig , Germany",,,TRUE,
10.1386/aps_00037_1,Hochschule für Bildende Künste Braunschweig,ISNI: 0000000122430966 Braunschweig University of Art,,,TRUE,
10.1016/j.jenvman.2023.117539,Hochschule für Bildende Künste Braunschweig,"Braunschweig University of Art, Institute for Design Research, Johannes-Selenka-Platz 1, 38118 Braunschweig, Germany. Electronic address: m.ohlhoff@hbk-bs.de",,,TRUE,
10.1007/s11612-024-00742-8,Hochschule für Bildende Künste Braunschweig,"Institut für Designforschung, Hochschule für Bildende Künste Braunschweig, Braunschweig, Deutschland",Institut für Designforschung (IDF),,TRUE,
10.2478/ress-2021-0028,Hochschule für Bildende Künste Braunschweig,"Dr. Theol., Pastor em., Liturgie- und Architekturwissenschaftler, Wissen schaft licher Referent im EKD-Institut für Qualität im Gottesdienst Hildesheim, Lehrbeauftragtrer an der Hochschule für Bildende Künste Braunschweig , Drenkriede 13, D-30657 Hannover, Deutschland",,,TRUE,
10.1515/jcde-2023-0034,Hochschule für Bildende Künste Braunschweig,Hochschule für Bildende Künste Braunschweig [Braunschweig University of Art] Germany,,,TRUE,
10.1016/j.jenvman.2023.117539,Hochschule für Bildende Künste Braunschweig,"Braunschweig University of Art, Institute for Design Research, Johannes-Selenka-Platz 1, 38118 Braunschweig, Germany. Electronic address: g.glatzel@hbk-bs.de",,,TRUE,
