doi,parent_name,raw_affiliation_string,fak_name,dept_name
10.1002/smr.2296,Technische Universität Clausthal,Institute for Applied Software Systems Engineering Clausthal University of Technology  Goslar Germany,Fakultät für Mathematik/Informatik und Maschinenbau,Institut für Software and Systems Engineering
10.1016/j.jnoncrysol.2021.121145,Technische Universität Clausthal,"Institute of Non-Metallic Materials, Clausthal University of Technology, Zehntnerstr. 2a, Clausthal-Zellerfeld 38678, Germany",Fakultät für Natur- und Materialwissenschaften,Institut für Nichtmetallische Werkstoffe
10.3390/en13123039,Technische Universität Clausthal,"Department of Informatics, TU Clausthal, 38678 Clausthal-Zellerfeld, Germany",Fakultät für Mathematik/Informatik und Maschinenbau,Institut für Informatik
10.1016/j.scitotenv.2024.173565,Technische Universität Clausthal,"TU Clausthal/Hydrogeology, Germany",Fakultät für Energie- und Wirtschaftswissenschaften,
10.1016/j.jallcom.2020.157934,Technische Universität Clausthal,"Institute of Materials Science and Engineering, Clausthal University of Technology, D-38678, Clausthal-Zellerfeld, Germany",Fakultät für Natur- und Materialwissenschaften,Institut für Werkstoffkunde und Werkstofftechnik
10.1038/s41598-022-16184-5,Technische Universität Clausthal,"Clausthal Centre of Materials Technology - University of Technology Clausthal, Leibnizstr. 9, 38678, Clausthal-Zellerfeld, Germany",Clausthaler Zentrum für Materialtechnik (CZM),
10.1016/j.etran.2020.100102,Technische Universität Clausthal,"Institute for Electrical Energy Storage Technology, Technical University of Munich (TUM), Arcisstr. 21, 80333, Munich, Germany",Forschungszentrum Energiespeichertechnologien,
10.1016/j.addma.2023.103944,Technische Universität Clausthal,"Department of Welding Technology, Institute of Welding and Machining, Clausthal University of Technology, Clausthal-Zellerfeld, Agricolastraße 2, 39678, Germany",Fakultät für Mathematik/Informatik und Maschinenbau,Institut für Schweißtechnik und Trennende Fertigungsverfahren
10.1007/s00291-024-00756-0,Technische Universität Clausthal,"Department of Marketing, Clausthal University of Technology, Julius-Albert-Str. 2, 38678, Clausthal-Zellerfeld, Germany",Fakultät für Energie- und Wirtschaftswissenschaften,Institut für Wirtschaftswissenschaft
10.1002/cite.202100200,Technische Universität Clausthal,Clausthal University of Technology Institute of Chemical and Electrochemical Process Engineering  Leibnizstraße 17 38678 Clausthal-Zellerfeld Germany,Fakultät für Mathematik/Informatik und Maschinenbau,Institut für Chemische und Elektrochemische Verfahrenstechnik
10.1016/j.ensm.2023.03.008,Technische Universität Clausthal,"Technical University of Munich, Germany; TUM School of Engineering and Design, Department of Energy and Process Engineering, Institute for Electrical Energy Storage Technology, Arcisstraße 21, 80333 Munich, Germany",Forschungszentrum Energiespeichertechnologien,
10.1007/s12517-022-10221-3,Technische Universität Clausthal,"Institut für Geophysik, Technische Universität Clausthal, Arnold-Sommerfeld-Str. 1, 38678, Clausthal-Zellerfeld, Germany",Fakultät für Energie- und Wirtschaftswissenschaften,Institut für Geophysik
10.1016/j.tet.2020.131627,Technische Universität Clausthal,"Clausthal University of Technology, Institute of Organic Chemistry, Leibnizstrasse 6, D-38678, Clausthal-Zellerfeld, Germany",Fakultät für Natur- und Materialwissenschaften,Institut für Organische Chemie
10.1149/1945-7111/ac8a79,Technische Universität Clausthal,"Institut für Metallurgie, AG Festkörperkinetik, Technische Universität Clausthal, 38678 Clausthal-Zellerfeld, Germany",Fakultät für Natur- und Materialwissenschaften,Institut für Metallurgie
10.3390/app10124152,Technische Universität Clausthal,"Institute of Subsurface Energy Systems, Clausthal University of Technology, 38678 Clausthal-Zellerfeld, Germany",Fakultät für Energie- und Wirtschaftswissenschaften,Institute of Subsurface Energy Systems
10.3390/ma14071620,Technische Universität Clausthal,"Faculty of Natural and Materials Science, Clausthal University of Technology, Robert-Koch-Straße 42, 38678 Clausthal-Zellerfeld, Germany",Fakultät für Natur- und Materialwissenschaften,Institut für Werkstoffkunde und Werkstofftechnik
10.2166/wst.2022.390,Technische Universität Clausthal,"a CUTEC Research Center for Environmental Technologies, Clausthal University of Technology, 38678 Clausthal-Zellerfeld, Germany",Clausthaler Umwelttechnik Forschungszentrum (CUTEC),
10.1051/mfreview/2019029,Technische Universität Clausthal,"Clausthal University of Technology, Institute of Welding and Machining, Agricolastraße 2, 38678 Clausthal-Zellerfeld, Germany",Fakultät für Mathematik/Informatik und Maschinenbau,Institut für Schweißtechnik und Trennende Fertigungsverfahren
10.1002/cite.202300012,Technische Universität Clausthal,"Clausthal, University of Technology Institute of Technical Chemistry  Arnold-Sommerfeld-Straße 4 38678 Clausthal-Zellerfeld Germany",Fakultät für Natur- und Materialwissenschaften,Institut für Technische Chemie
10.1016/j.procir.2021.01.110,Technische Universität Clausthal,"Institue for Software and Systems Engineering, Clausthal University of Technology, Arnold-Sommerfeld-Straße 1, 38678 Clausthal-Zellerfeld, Germany",Fakultät für Mathematik/Informatik und Maschinenbau,Institut für Software and Systems Engineering
10.1007/s10443-023-10189-7,Technische Universität Clausthal,"Institute of Polymer Materials and Plastics Engineering, Clausthal University of Technology, Ottenbecker Damm 12, Stade, Germany",Fakultät für Natur- und Materialwissenschaften,Institut für Polymerwerkstoffe und Kunststofftechnik
10.1007/s10443-023-10189-7,Technische Universität Clausthal,"Institute of Polymer Materials and Plastics Engineering, Clausthal University of Technology, Agricolastr. 6, Clausthal-Zellerfeld, Germany",Fakultät für Natur- und Materialwissenschaften,Institut für Polymerwerkstoffe und Kunststofftechnik
10.1016/j.ijfatigue.2024.108259,Technische Universität Clausthal,"Institute for Plant Engineering and Fatigue Analysis, Clausthal University of Technology, Leibnizstraße 32, 38678 Clausthal-Zellerfeld, Germany",Fakultät für Mathematik/Informatik und Maschinenbau,Institut für Maschinelle Anlagentechnik und Betriebsfestigkeit
10.1016/j.compchemeng.2023.108356,Technische Universität Clausthal,"Institute of Technical Chemistry, TU Clausthal, Arnold-Sommerfeld-Str. 4, Clausthal-Zellerfeld 38678, Germany",Fakultät für Natur- und Materialwissenschaften,Institut für Technische Chemie
10.1007/s13278-024-01273-2,Technische Universität Clausthal,"Institute for Mathematics, TU Clausthal, Clausthal-Zellerfeld, Germany",Fakultät für Mathematik/Informatik und Maschinenbau,Institut für Mathematik
10.1016/j.jappgeo.2021.104439,Technische Universität Clausthal,"Clausthal University of Technology, Institute of Geophysics, Arnold-Sommerfeld-Straße 1, D-38678 Clausthal-Zellerfeld, Germany",Fakultät für Energie- und Wirtschaftswissenschaften,Institut für Geophysik
10.1007/s40194-023-01614-3,Technische Universität Clausthal,"Clausthal University of Technology, Centre of Material Technology, Leibnizstraße 9, 38678, Clausthal-Zellerfeld, Germany",Clausthaler Zentrum für Materialtechnik (CZM),
10.1038/s41467-023-42450-9,Technische Universität Clausthal,"Research Center Energy Storage Technologies, Goslar, Germany. christine.minke@tu-clausthal.de",Forschungszentrum Energiespeichertechnologien,
10.1007/s11837-024-06809-7,Technische Universität Clausthal,"Institute of Disposal Research, TU Clausthal, Adolph-Roemer Str. 2A, 38678, Clausthal-Zellerfeld, Lower Saxony, Germany",Fakultät für Energie- und Wirtschaftswissenschaften,"Institut für Aufbereitung, Deponietechnik und Geomechanik (IFAD)"
10.1111/jiec.13328,Technische Universität Clausthal,"Institute of Mineral and Waste Processing, Recycling and Circular Economy Systems, Clausthal University of Technology, Clausthal-Zellerfeld, Germany",Fakultät für Energie- und Wirtschaftswissenschaften,"Institut für Aufbereitung, Recycling und Kreislaufwirtschaftssysteme"
10.1016/j.chemgeo.2023.121569,Technische Universität Clausthal,"Mineral Resources, Technical University of Clausthal, Clausthal-Zellerfeld 38678, Germany",Fakultät für Energie- und Wirtschaftswissenschaften,Institut für Endlagerforschung
10.3390/powders2030035,Technische Universität Clausthal,"Institute for Energy Research and Physical Technologies, Clausthal University of Technology, 19B Am Stollen, 38640 Goslar, Germany",Fakultät für Natur- und Materialwissenschaften,Institut für Energieforschung und Physikalische Technologien
10.1021/acs.energyfuels.1c03366,Technische Universität Clausthal,"Institute of Petroleum Engineering, Clausthal University of Technology, Agricolastraße 10, 38678 Clausthal-Zellerfeld, Germany",Fakultät für Energie- und Wirtschaftswissenschaften,Institut für Erdöl- und Erdgastechnik
10.1115/1.4066893,Technische Universität Clausthal,"Institute of Tribology and Energy Conversion Machinery, Clausthal University of Technology , Leibnizstraße 32, Clausthal-Zellerfeld 38678, Germany",Fakultät für Mathematik/Informatik und Maschinenbau,Institut für Tribologie und Energiewandlungsmaschinen
10.1016/j.jmrt.2021.04.088,Technische Universität Clausthal,"Institute of Metallurgy, Clausthal University of Technology, Robert-Koch-Str. 42, Clausthal-Zellerfeld, 38678, Germany",Fakultät für Natur- und Materialwissenschaften,Institut für Metallurgie
10.3390/lubricants9100098,Technische Universität Clausthal,"Institute of Tribology and Energy Conversion Machinery, Clausthal University of Technology, 38678 Clausthal-Zellerfeld, Germany",Fakultät für Mathematik/Informatik und Maschinenbau,Institut für Tribologie und Energiewandlungsmaschinen
10.34133/adi.0074,Technische Universität Clausthal,"Technische Universität Clausthal, Metrology, Leibnizstraße 28, Clausthal-Zellerfeld, 38678, GERMANY",,
10.1016/j.oceram.2024.100655,Technische Universität Clausthal,"Institute of Non-Metallic Materials, Clausthal University of Technology, Clausthal-Zellerfeld, Germany",Fakultät für Natur- und Materialwissenschaften,Institut für Nichtmetallische Werkstoffe
10.3390/batteries10030092,Technische Universität Clausthal,"Institute of Chemical and Electrochemical Process Engineering, Clausthal University of Technology, Leibnizstraße 17, 38678 Clausthal-Zellerfeld, Germany",Fakultät für Mathematik/Informatik und Maschinenbau,Institut für Chemische und Elektrochemische Verfahrenstechnik
10.1021/acs.jpcc.1c07450,Technische Universität Clausthal,"Institute of Electrochemistry, Clausthal University of Technology, Arnold-Sommerfeld-Strasse 6, Clausthal-Zellerfeld 38678, Germany",Fakultät für Natur- und Materialwissenschaften,Institut für Elektrochemie
10.1109/tia.2021.3121219,Technische Universität Clausthal,"[Clausthal University of Technology, 26534 Clausthal-Zellerfeld, Niedersachsen, Germany, (e-mail: dirk.turschner@tu-clausthal.de)]",,
10.1149/ma2023-01261701mtgabs,Technische Universität Clausthal,Clausthal University of Technology,,
10.1021/acsomega.4c00723,Technische Universität Clausthal,"Institute of Applied Mechanics, Clausthal University of Technology, Arnold-Sommerfeld-Straße 6, Clausthal-Zellerfeld 38678, Germany",Fakultät für Mathematik/Informatik und Maschinenbau,Institut für Technische Mechanik
10.1016/j.ces.2021.117408,Technische Universität Clausthal,"Institute of Chemical and Electrochemical Process Engineering, Clausthal University of Technology, Leibnizstr. 17, 38678 Clausthal-Zellerfeld, Germany",Fakultät für Mathematik/Informatik und Maschinenbau,Institut für Chemische und Elektrochemische Verfahrenstechnik
10.1016/j.cemconres.2020.106009,Technische Universität Clausthal,"Institute for Non-Metallic Materials, Technical University of Clausthal, Zehntnerstrasse 2a, 38678 Clausthal-Zellerfeld, Germany",Fakultät für Natur- und Materialwissenschaften,Institut für Nichtmetallische Werkstoffe
10.1002/cite.202055393,Technische Universität Clausthal,"Institute of Chemical and Electrochemical Process Engineering, Clausthal University of Technology  Leibnizstr. 17 38678 Clausthal-Zellerfeld Germany",Fakultät für Mathematik/Informatik und Maschinenbau,Institut für Chemische und Elektrochemische Verfahrenstechnik
10.1002/anie.202000712,Technische Universität Clausthal,Institute of Organic Chemistry Clausthal University of Technology  Adolph-Roemer-Straße 2A 38678 Clausthal-Zellerfeld Germany,Fakultät für Natur- und Materialwissenschaften,Institut für Organische Chemie
10.1002/xrs.3331,Technische Universität Clausthal,"Institute of inorganic and Analytical Chemistry, Clausthal University of Technology, Clausthal-Zellerfeld, Germany",Fakultät für Natur- und Materialwissenschaften,Institut für Anorganische und Analytische Chemie
10.1002/cite.202255327,Technische Universität Clausthal,"Clausthal University of Technology, Institute for Separation and Process Technology, Leibnizstr. 15, 38678 Clausthal-Zellerfeld, Germany",Fakultät für Mathematik/Informatik und Maschinenbau,Institut für Prozeß- und Produktionsleittechnik
10.1149/1945-7111/ac8a79,Technische Universität Clausthal,"Clausthaler Zentrum für Materialtechnik, Technische Universität Clausthal, 38678 Clausthal-Zellerfeld, Germany",Clausthaler Zentrum für Materialtechnik (CZM),
10.1007/s00180-022-01317-1,Technische Universität Clausthal,"Institute of Mathematics, Clausthal University of Technology, Erzstraße 1, 38678, Clausthal-Zellerfeld, Germany",Fakultät für Mathematik/Informatik und Maschinenbau,Institut für Mathematik
10.3390/batteries8070060,Technische Universität Clausthal,"TUM School of Engineering and Design, Department of Energy and Process Engineering, Institute for Electrical Energy Storage Technology (EES), Technical University of Munich (TUM), Arcisstrasse 21, 80333 Munich, Germany",Forschungszentrum Energiespeichertechnologien,
10.1002/batt.202200540,Technische Universität Clausthal,Research Center for Energy Storage Technologies Clausthal University of Technology  Am Stollen 19 A 38640 Goslar Germany,Forschungszentrum Energiespeichertechnologien,
10.1109/ojits.2023.3334393,Technische Universität Clausthal,"Institute of Informatics, Clausthal University of Technology, Clausthal-Zellerfeld, Germany",Fakultät für Mathematik/Informatik und Maschinenbau,Institut für Informatik
10.3390/ma15113902,Technische Universität Clausthal,"Institute of Metallurgy, Clausthal University of Technology, Robert-Koch-Strasse 42, 38678 Clausthal-Zellerfeld, Germany",Fakultät für Natur- und Materialwissenschaften,Institut für Metallurgie
10.1108/jsbed-09-2021-0360,Technische Universität Clausthal,"Clausthal University of Technology, Clausthal-Zellerfeld, Germany",,
10.1016/j.jcrysgro.2022.126972,Technische Universität Clausthal,"Institute of Energy Research and Physical Technologies IEPT, Clausthal University of Technology, Leibnizstrasse 4, 38678 Clausthal-Zellerfeld, Germany",Fakultät für Natur- und Materialwissenschaften,Institut für Energieforschung und Physikalische Technologien
10.1002/cite.202100033,Technische Universität Clausthal,TU Clausthal Institut für Chemische und Elektrochemische Verfahrenstechnik  Leibnizstraße 17 38678 Clausthal-Zellerfeld Deutschland,Fakultät für Energie- und Wirtschaftswissenschaften,Institut für Energieverfahrenstechnik und Brennstofftechnik
10.3390/en16176103,Technische Universität Clausthal,"Technische Universität Berlin, Electrical Energy Storage Technology, Einsteinufer 11, D-10587 Berlin, Germany",Forschungszentrum Energiespeichertechnologien,
10.3390/polym12102241,Technische Universität Clausthal,"Institute of Subsurface Energy Systems, Clausthal University of Technology, 38678 Clausthal-Zellerfeld, Germany",Fakultät für Energie- und Wirtschaftswissenschaften,Institute of Subsurface Energy Systems
10.1039/d3an00076a,Technische Universität Clausthal,"Institute of Physical Chemistry, Clausthal University of Technology, Arnold-Sommerfeld-Straße 4, 38678 Clausthal-Zellerfeld, Germany",Fakultät für Natur- und Materialwissenschaften,Institut für Physikalische Chemie
10.1021/acsaem.3c03223,Technische Universität Clausthal,"Institute of Chemical and Electrochemical Process Engineering, Clausthal University of Technology, Leibnizstraße 17, 38678 Clausthal-Zellerfeld, Germany",Fakultät für Mathematik/Informatik und Maschinenbau,Institut für Chemische und Elektrochemische Verfahrenstechnik
10.4028/www.scientific.net/df.27.136,Technische Universität Clausthal,TU Clausthal,,
10.3390/min12040480,Technische Universität Clausthal,"CUTEC Forschungszentrum, 38678 Clausthal-Zellerfeld, Germany",Clausthaler Umwelttechnik Forschungszentrum (CUTEC),
10.3390/en15197333,Technische Universität Clausthal,"Electrical Energy Storage Technology, Department of Energy and Automation Technology, Faculty IV, Secr. EMH 2, Technische Universität Berlin, Einsteinufer 11, D-10587 Berlin, Germany",Forschungszentrum Energiespeichertechnologien,
10.1111/jace.17431,Technische Universität Clausthal,"Institute of Non-Metallic Materials, Clausthal University of Technology, Clausthal-Zellerfeld, Germany",Fakultät für Natur- und Materialwissenschaften,Institut für Nichtmetallische Werkstoffe
10.1016/j.procir.2022.02.060,Technische Universität Clausthal,"Technische Universität Clausthal, Institute for Software and Systems Engineering, Clausthal-Zellerfeld, Germany",Fakultät für Mathematik/Informatik und Maschinenbau,Institut für Software and Systems Engineering
10.1016/j.optmat.2021.111284,Technische Universität Clausthal,"Clausthal University of Technology, Am Stollen 19B, 38640 Goslar, Germany",,
10.1007/s13202-023-01615-4,Technische Universität Clausthal,"Institute of Subsurface Energy Systems, Clausthal University of Technology, 38678, Clausthal-Zellerfeld, Germany",Fakultät für Energie- und Wirtschaftswissenschaften,Institute of Subsurface Energy Systems
10.1021/acs.orglett.2c01677,Technische Universität Clausthal,"Institute of Organic Chemistry, Clausthal University of Technology, Leibnizstrasse 6, D-38678 Clausthal-Zellerfeld, Germany",Fakultät für Natur- und Materialwissenschaften,Institut für Organische Chemie
10.1016/j.ijhydene.2023.01.347,Technische Universität Clausthal,"TU Clausthal, Research Centre Energy Storage Technologies (EST), Am Stollen 19A, 38640, Goslar, Germany",Forschungszentrum Energiespeichertechnologien,
10.1007/s44210-024-00042-2,Technische Universität Clausthal,"Institute of Applied Mechanics, Clausthal University of Technology, Adolph-Roemer Str. 2A, 38678, Clausthal-Zellerfeld, Germany",Fakultät für Mathematik/Informatik und Maschinenbau,Institut für Technische Mechanik
10.1111/cgf.14008,Technische Universität Clausthal,"Department of Informatics, TU, Clausthal-Zellerfeld, Germany",Fakultät für Mathematik/Informatik und Maschinenbau,Institut für Informatik
10.1016/j.supflu.2024.106420,Technische Universität Clausthal,"Institute of Subsurface Energy Systems, Clausthal University of Technology, Clausthal-Zellerfeld, Germany",Fakultät für Energie- und Wirtschaftswissenschaften,Institute of Subsurface Energy Systems
10.1016/j.snb.2020.128286,Technische Universität Clausthal,"Institute of Energy Research and Physical Technologies, Technische Universität Clausthal, Leibnizstraße 4, Clausthal-Zellerfeld, 38678, Germany",Fakultät für Natur- und Materialwissenschaften,Institut für Energieforschung und Physikalische Technologien
10.1029/2024wr037491,Technische Universität Clausthal,Institute of Subsurface Energy Systems Clausthal University of Technology  Clausthal‐Zellerfeld Germany,Fakultät für Energie- und Wirtschaftswissenschaften,Institute of Subsurface Energy Systems
10.46427/gold2020.1446,Technische Universität Clausthal,"Institute of Non-Metallic Materials, Clausthal University of Technology, 38678 Clausthal-Zellerfeld, Germany",Fakultät für Natur- und Materialwissenschaften,Institut für Nichtmetallische Werkstoffe
10.1007/s10951-022-00771-5,Technische Universität Clausthal,"Institut für Informatik, TU Clausthal, Clausthal-Zellerfeld, Germany",Fakultät für Mathematik/Informatik und Maschinenbau,Institut für Informatik
10.1002/ciuz.202300024,Technische Universität Clausthal,Institut für Chemische und Elektrochemische Verfahrenstechnik TU Clausthal  Leibnizstr. 17 38678 Clausthal‐Zellerfeld,Fakultät für Energie- und Wirtschaftswissenschaften,Institut für Energieverfahrenstechnik und Brennstofftechnik
10.3390/lubricants10110313,Technische Universität Clausthal,"Institute of Tribology and Energy Conversion Machinery, Clausthal University of Technology, 38678 Clausthal-Zellerfeld, Germany",Fakultät für Mathematik/Informatik und Maschinenbau,Institut für Tribologie und Energiewandlungsmaschinen
10.1007/s40964-024-00597-x,Technische Universität Clausthal,"Institute of Applied Mechanics, Clausthal University of Technology, Adolph-Roemer-Straße 2a, 38678, Clausthal-Zellerfeld, Lower Saxony, Germany",Fakultät für Mathematik/Informatik und Maschinenbau,Institut für Technische Mechanik
10.1149/1945-7111/ad0eba,Technische Universität Clausthal,"Institute of Chemical and Electrochemical Process Engineering, Clausthal University of Technology, Leibnizstraße 17, Clausthal-Zellerfeld, 38678, GERMANY",Fakultät für Mathematik/Informatik und Maschinenbau,Institut für Chemische und Elektrochemische Verfahrenstechnik
10.3390/pr11102817,Technische Universität Clausthal,"Institute of Particle Technology, Clausthal University of Technology, 38678 Clausthal-Zellerfeld, Germany",Fakultät für Mathematik/Informatik und Maschinenbau,Institut für Mechanische Verfahrenstechnik
10.1039/d3ra04444k,Technische Universität Clausthal,"Clausthal University of Technology, Institute of Physical Chemistry, Arnold-Sommerfeld-Straße 4, D-38678 Clausthal-Zellerfeld, Germany",Fakultät für Natur- und Materialwissenschaften,Institut für Physikalische Chemie
10.3390/batteries10030092,Technische Universität Clausthal,"Research Center Energy Storage Technologies, Clausthal University of Technology, Am Stollen 19A, 38640 Goslar, Germany",Forschungszentrum Energiespeichertechnologien,
10.1149/1945-7111/aba338,Technische Universität Clausthal,"Institute of Organic Chemistry, Clausthal University of Technology, 38678 Clausthal-Zellerfeld, Germany",Fakultät für Natur- und Materialwissenschaften,Institut für Organische Chemie
10.1093/imanum/drad046,Technische Universität Clausthal,"Institute of Mathematics, Clausthal University of Technology , Erzstr. 1, 38678 Clausthal-Zellerfeld, Germany",Fakultät für Mathematik/Informatik und Maschinenbau,Institut für Mathematik
10.3389/fnuen.2024.1414964,Technische Universität Clausthal,"Institute of Particle Technology, Clausthal University of Technology, Clausthal-Zellerfeld, Germany",Fakultät für Mathematik/Informatik und Maschinenbau,Institut für Mechanische Verfahrenstechnik
10.1016/j.apsusc.2020.148481,Technische Universität Clausthal,"Research Center Energy Storage Technologies, Clausthal University of Technology, EnergieCampus, Am Stollen 19A, 38640 Goslar, Germany",Forschungszentrum Energiespeichertechnologien,
10.5194/jsss-10-271-2021,Technische Universität Clausthal,"Institute of Energy Research and Physical Technologies, Clausthal University of Technology, Goslar, Germany",Fakultät für Natur- und Materialwissenschaften,Institut für Energieforschung und Physikalische Technologien
10.3390/pr11051404,Technische Universität Clausthal,"Institute for Separation and Process Technology, Clausthal University of Technology, 38678 Clausthal-Zellerfeld, Germany",Fakultät für Mathematik/Informatik und Maschinenbau,Institut für Prozeß- und Produktionsleittechnik
10.1007/s00397-024-01455-x,Technische Universität Clausthal,"Institute for Technical Chemistry, Technical University Clausthal, Arnold-Sommerfeld-Str. 4, 38678, Clausthal-Zellerfeld, Germany",Fakultät für Natur- und Materialwissenschaften,Institut für Technische Chemie
10.1007/s11118-024-10136-6,Technische Universität Clausthal,"Institute of Mathematics, TU Clausthal, Erzstraße 1,  Clausthal-Zellerfeld, 38678, Germany",Fakultät für Mathematik/Informatik und Maschinenbau,Institut für Mathematik
10.1016/j.jmrt.2023.03.040,Technische Universität Clausthal,"Clausthal University of Technology, Institute of Polymer Materials and Plastics Engineering, Agricolastrasse 6, D-38678 Clausthal-Zellerfeld, Germany",Fakultät für Natur- und Materialwissenschaften,Institut für Polymerwerkstoffe und Kunststofftechnik
10.1002/zaac.201900300,Technische Universität Clausthal,Institute of Energy Research and Physical Technologies Clausthal University of Technology  Am Stollen 19 B 38640 Goslar Germany,Fakultät für Natur- und Materialwissenschaften,Institut für Energieforschung und Physikalische Technologien
10.3389/fenrg.2023.1231322,Technische Universität Clausthal,"Institute of Subsurface Energy Systems, Clausthal University of Technology, Clausthal-Zellerfeld, Germany",Fakultät für Energie- und Wirtschaftswissenschaften,Institute of Subsurface Energy Systems
10.3390/en15217949,Technische Universität Clausthal,"Electrical Energy Storage Technology, Department of Energy and Automation Technology, Faculty IV, Secr. EMH 2, Technische Universität Berlin, Einsteinufer 11, D-10587 Berlin, Germany",Forschungszentrum Energiespeichertechnologien,
10.1149/1945-7111/ad71f6,Technische Universität Clausthal,"Institute for Electrical Energy Storage Technology, Technical University of Munich, Arcisstrasse 21, Munchen, 80333, GERMANY",Forschungszentrum Energiespeichertechnologien,
10.3390/en14010188,Technische Universität Clausthal,"Department of Informatics, TU Clausthal, 38678 Clausthal-Zellerfeld, Germany",Fakultät für Mathematik/Informatik und Maschinenbau,Institut für Informatik
10.1002/pamm.202200073,Technische Universität Clausthal,"Institute of Metallurgy, Clausthal University of Technology, Robert-Koch-Str. 42, 38678 Clausthal-Zellerfeld, Germany",Fakultät für Natur- und Materialwissenschaften,Institut für Metallurgie
